"term","df","sumsq","meansq","statistic","p.value"
"LabID",4,1.34073589112181,0.335183972780453,76.0772000445637,5.16235631066847e-36
"Analyte",7,0.627668192233468,0.0896668846047812,20.351824882507,2.15340358083815e-19
"LabID:Analyte",28,1.20196803859893,0.0429274299499616,9.74330200997213,1.89114388348468e-22
"Residuals",160,0.704934403651264,0.0044058400228204,NA,NA
