"term","df","sumsq","meansq","statistic","p.value"
"Analyte",7,0.62766819223347,0.0896668846047814,5.30109577387663,1.47523271924047e-05
"Residuals",192,3.247638333372,0.0169147829863125,NA,NA
