"","Analyte","p_value_lab6","mean_value_lab6","ci_low_lab6","ci_high_lab6","mean_value_all","ci_low_all","ci_high_all"
"1","NDBA",0.036288109201417,1.14,0.989267122596657,1.29073287740334,0.9893196,0.941908398600307,1.03673080139969
"2","NDEA",0.0372909271589295,0.877,0.79555175423412,0.95844824576588,0.9163278,0.867697821158248,0.964957778841752
"3","NDMA",0.292953248794435,0.924,0.812387293206386,1.03561270679361,0.9035666,0.837261450905983,0.969871749094017
"4","NDPA",0.170717922850799,0.9225,0.840684717025395,1.00431528297461,0.9229686,0.881800012983307,0.964137187016693
"5","NMEA",0.129149107025037,0.898,0.789890467502352,1.00610953249765,0.9231052,0.872507972041786,0.973702427958214
"6","NMOR",0.388346050074381,0.994,0.913741757973995,1.07425824202601,1.0630067,0.987712812545748,1.13830058745425
"7","NPIP",0.745572159848777,0.959,0.872956162107469,1.04504383789253,1.0034029,0.955342373978519,1.05146342602148
"8","NPYR",0.0457456798461727,0.918,0.86917943422721,0.96682056577279,1.0272501,0.984664891407843,1.06983530859216
